{"minADE": 0.23644566153896368, "minFDE": 0.40823229075327266}