{"meanADE": 0.21564961999325896, "meanFDE": 0.42700419714215804, "medianADE": 0.17333875777871083, "medianFDE": 0.2897102455214483}