{"meanADE": 0.21572162819644936, "meanFDE": 0.42869967966116695, "medianADE": 0.1722489522888755, "medianFDE": 0.28768743754909243}