{"meanADE": 0.535670755158079, "meanFDE": 1.3534859558424208, "medianADE": 0.45509785257390306, "medianFDE": 1.1492142187229966}