{"meanADE": 0.4178149747238488, "meanFDE": 1.0824830248086557, "medianADE": 0.3568596300097046, "medianFDE": 0.9273819608023532}