{"meanADE": 0.4065457399254324, "meanFDE": 1.0649001466202117, "medianADE": 0.34598155357879046, "medianFDE": 0.9277715622929938}