{"meanADE": 0.1315576177076724, "meanFDE": 0.20508169260039522, "medianADE": 0.10960496356791875, "medianFDE": 0.12237501334902262}