{"meanADE": 0.36280195135820603, "meanFDE": 0.8458980406447609, "medianADE": 0.28704379342469266, "medianFDE": 0.6509540705422845}