{"meanADE": 0.2690364055398166, "meanFDE": 0.5927223577491201, "medianADE": 0.19681564892040346, "medianFDE": 0.39601559652002893}