{"meanADE": 0.22676387927363634, "meanFDE": 0.4855682727331949, "medianADE": 0.1703674415677343, "medianFDE": 0.33678490711086045}