{"meanADE": 0.12289663043789956, "meanFDE": 0.25029077891894475, "medianADE": 0.08184556176958285, "medianFDE": 0.10094656708746211}