{"meanADE": 0.12203017123698126, "meanFDE": 0.24573909172861627, "medianADE": 0.08192400542789208, "medianFDE": 0.09810371580485203}