{"meanADE": 0.3389146609819746, "meanFDE": 0.8643756283694523, "medianADE": 0.23435875550275986, "medianFDE": 0.5827700312841886}