{"meanADE": 0.2413210050056174, "meanFDE": 0.6196847814202635, "medianADE": 0.13417085057451072, "medianFDE": 0.30239376254590267}