{"meanADE": 0.2229469932831471, "meanFDE": 0.5795326347664312, "medianADE": 0.11678454157010157, "medianFDE": 0.2810903142974174}