{"meanADE": 0.21273735830852594, "meanFDE": 0.4138435149113217, "medianADE": 0.16747142117872138, "medianFDE": 0.2716328864156017}