{"meanADE": 0.21356920720745814, "meanFDE": 0.4196041849446445, "medianADE": 0.16847941066183297, "medianFDE": 0.270784089594421}