{"meanADE": 0.5033538267517655, "meanFDE": 1.2680113016471284, "medianADE": 0.4230138308179063, "medianFDE": 1.068501355312109}