{"meanADE": 0.4084888325178052, "meanFDE": 1.0409460847310228, "medianADE": 0.34617477160242716, "medianFDE": 0.8836142604714017}