{"meanADE": 0.3572886398423157, "meanFDE": 0.9051558314278135, "medianADE": 0.2934773222327376, "medianFDE": 0.7485139618763792}