{"minADE": 0.18268416084203037, "minFDE": 0.3238281877715195}