{"meanADE": 0.12533731296687972, "meanFDE": 0.20210686322515264, "medianADE": 0.10439006836319699, "medianFDE": 0.12886729758660292}