{"meanADE": 0.1256935203044155, "meanFDE": 0.19934287180337676, "medianADE": 0.10395680392657315, "medianFDE": 0.12837681876253898}