{"meanADE": 0.3513943981037131, "meanFDE": 0.8137860722455373, "medianADE": 0.2735776610185311, "medianFDE": 0.6095635699776855}