{"meanADE": 0.2547769977822875, "meanFDE": 0.5525631029605499, "medianADE": 0.17599819568294922, "medianFDE": 0.34809197789553237}