{"meanADE": 0.22248851835903546, "meanFDE": 0.47490641551551843, "medianADE": 0.15943109318416904, "medianFDE": 0.31756137083893154}