{"meanADE": 0.4470836195572908, "meanFDE": 0.9002907266662857, "medianADE": 0.33024361915405254, "medianFDE": 0.4946790165407699}