{"meanADE": 0.437913114579955, "meanFDE": 0.8868846283612012, "medianADE": 0.32826867310156993, "medianFDE": 0.5472190909792773}