{"meanADE": 0.8465850223798936, "meanFDE": 2.0272461684246754, "medianADE": 0.7276056627795882, "medianFDE": 1.6759652906344515}