{"meanADE": 0.7797245813058934, "meanFDE": 1.870921140622213, "medianADE": 0.6507381325440581, "medianFDE": 1.5011908693573082}