{"meanADE": 0.7159466676206667, "meanFDE": 1.710505844093419, "medianADE": 0.5919853744213864, "medianFDE": 1.334457605506873}