{"meanADE": 0.21045375647885106, "meanFDE": 0.41823701307188976, "medianADE": 0.16443963095587064, "medianFDE": 0.26978470122141696}