{"meanADE": 0.4957412151103271, "meanFDE": 1.243349870684178, "medianADE": 0.4177261801339736, "medianFDE": 1.0517383242218727}