{"meanADE": 0.40712965167074605, "meanFDE": 1.0340987062274705, "medianADE": 0.34401272825638013, "medianFDE": 0.8798639225450008}