{"meanADE": 0.3584213842913299, "meanFDE": 0.907180787359151, "medianADE": 0.2950044626878814, "medianFDE": 0.7552297591993545}