{"meanADE": 0.4374565582665857, "meanFDE": 0.8522273650374298, "medianADE": 0.3542617376049736, "medianFDE": 0.4631909059915741}