{"meanADE": 0.4324577991120757, "meanFDE": 0.8538790163427769, "medianADE": 0.3405838369616897, "medianFDE": 0.512919395829632}