{"meanADE": 0.8440560253854389, "meanFDE": 1.9823670895618963, "medianADE": 0.734135878737908, "medianFDE": 1.663787337779183}