{"meanADE": 0.7797536152496641, "meanFDE": 1.8407535913678952, "medianADE": 0.6766808844212809, "medianFDE": 1.5270169119770343}