{"meanADE": 0.7060167184262336, "meanFDE": 1.6577148566131106, "medianADE": 0.6288107116250765, "medianFDE": 1.3739715344366346}