{"minADE": 0.3000374163627521, "minFDE": 0.5313138949071807}