{"meanADE": 0.1647298413367793, "meanFDE": 0.32365609709855603, "medianADE": 0.1289930149765965, "medianFDE": 0.2235328713085942}