{"meanADE": 0.443071420917243, "meanFDE": 1.1273637049311853, "medianADE": 0.37238633754677597, "medianFDE": 0.9583206187654087}