{"meanADE": 0.3185907209445929, "meanFDE": 0.8044209908464675, "medianADE": 0.25386646210030145, "medianFDE": 0.6431841409104553}