{"meanADE": 0.2950809792076495, "meanFDE": 0.7609162641942452, "medianADE": 0.23580475864728884, "medianFDE": 0.6128335096517424}