{"meanADE": 0.20217989494527674, "meanFDE": 0.45057157862751335, "medianADE": 0.15668972464589243, "medianFDE": 0.31764781487661997}