{"meanADE": 0.20302248242684653, "meanFDE": 0.4540353668282162, "medianADE": 0.15617235634513793, "medianFDE": 0.319751487934414}