{"meanADE": 0.5645266516004871, "meanFDE": 1.38316528494248, "medianADE": 0.4704559452185736, "medianFDE": 1.1766869226022258}