{"meanADE": 0.40917808225000124, "meanFDE": 1.0328912803386372, "medianADE": 0.34197227488328663, "medianFDE": 0.8733870508518435}