{"meanADE": 0.4668407586630923, "meanFDE": 1.2194563731499513, "medianADE": 0.398518542588859, "medianFDE": 1.069903173861845}