{"meanADE": 0.4491911213088738, "meanFDE": 0.8943372869551335, "medianADE": 0.3606015940983921, "medianFDE": 0.553317916019516}