{"meanADE": 0.8509768376379918, "meanFDE": 2.005271840586178, "medianADE": 0.7280691645345987, "medianFDE": 1.666476076913978}