{"meanADE": 0.7804331614372045, "meanFDE": 1.8345160193282188, "medianADE": 0.6712688284118056, "medianFDE": 1.5090837286559617}