{"meanADE": 0.715081119147582, "meanFDE": 1.691111654158638, "medianADE": 0.6114915687503399, "medianFDE": 1.3963818794893845}