{"meanADE": 0.12162542426326442, "meanFDE": 0.19768564803078256, "medianADE": 0.09774646165490423, "medianFDE": 0.12444922873816074}