{"meanADE": 0.12056313751387035, "meanFDE": 0.19360455500071885, "medianADE": 0.09677635144206159, "medianFDE": 0.12285055865490922}