{"meanADE": 0.3459359484639627, "meanFDE": 0.8100365996363854, "medianADE": 0.23991620495325533, "medianFDE": 0.5221996713767707}