{"meanADE": 0.24749930918197735, "meanFDE": 0.5445039999870357, "medianADE": 0.1724703979089587, "medianFDE": 0.33097107113640606}