{"meanADE": 0.2135627610955811, "meanFDE": 0.4613767473019348, "medianADE": 0.15153385874842792, "medianFDE": 0.3051700559417647}