{"meanADE": 0.11359240609060926, "meanFDE": 0.2492527431883936, "medianADE": 0.06596031812728848, "medianFDE": 0.10817708893876257}