{"meanADE": 0.11252922456060864, "meanFDE": 0.24811596415923232, "medianADE": 0.06721313596430314, "medianFDE": 0.10728098647821671}