{"meanADE": 0.3900097473726195, "meanFDE": 0.9704302381679017, "medianADE": 0.2730120027060666, "medianFDE": 0.6868238905895309}