{"meanADE": 0.24774795882536382, "meanFDE": 0.6155746558615383, "medianADE": 0.11788852203932541, "medianFDE": 0.2570215668946976}