{"meanADE": 0.22420045812407918, "meanFDE": 0.5789640960881065, "medianADE": 0.11336226360771828, "medianFDE": 0.27629986317283406}