{"meanADE": 0.12918156718784476, "meanFDE": 0.26452042987778207, "medianADE": 0.08040145158672667, "medianFDE": 0.10165280891777642}