{"meanADE": 0.36079831537456053, "meanFDE": 0.9215425841134891, "medianADE": 0.26428337327583473, "medianFDE": 0.6704098606838398}