{"meanADE": 0.25018905255656676, "meanFDE": 0.6405564138884666, "medianADE": 0.13951385047672224, "medianFDE": 0.31425667006164615}