{"meanADE": 0.22653676447270374, "meanFDE": 0.5810206374956354, "medianADE": 0.11493021982253021, "medianFDE": 0.2769368748672507}