{"meanADE": 0.42635478267498356, "meanFDE": 0.8628873632176363, "medianADE": 0.31559640574872927, "medianFDE": 0.5019462581136361}