{"meanADE": 0.40713120992840085, "meanFDE": 0.8248245454954256, "medianADE": 0.31859890857334455, "medianFDE": 0.4976710693752819}