{"meanADE": 0.8926734914505777, "meanFDE": 2.091419941897911, "medianADE": 0.7771692008971756, "medianFDE": 1.7693543027346383}