{"meanADE": 0.7936794089539786, "meanFDE": 1.8722628747360113, "medianADE": 0.6793040672806288, "medianFDE": 1.5142044892661426}