{"meanADE": 0.7394212850465949, "meanFDE": 1.7628420977184192, "medianADE": 0.6241207601233507, "medianFDE": 1.3821931042900135}