{"meanADE": 0.1903870005608217, "meanFDE": 0.41649825947488567, "medianADE": 0.14719463509215774, "medianFDE": 0.28708556666748963}