{"meanADE": 0.19105367240045953, "meanFDE": 0.4180710052110705, "medianADE": 0.14756453154715926, "medianFDE": 0.28738754883194884}