{"meanADE": 0.5273019480041461, "meanFDE": 1.2984447840896796, "medianADE": 0.4405074839259188, "medianFDE": 1.0967716018328817}