{"meanADE": 0.40165654891109, "meanFDE": 1.0179634423394919, "medianADE": 0.32985452142457394, "medianFDE": 0.846836494777919}