{"meanADE": 0.3702181546105763, "meanFDE": 0.9451454509070317, "medianADE": 0.30145647866332165, "medianFDE": 0.7833241210032702}