{"meanADE": 0.11640222854108609, "meanFDE": 0.2567984165829009, "medianADE": 0.06769835801116708, "medianFDE": 0.1067386708712926}