{"meanADE": 0.11734644243009569, "meanFDE": 0.25665106672678667, "medianADE": 0.06637866521566954, "medianFDE": 0.10716319591649151}