{"meanADE": 0.38950377385317875, "meanFDE": 0.9721329243131489, "medianADE": 0.2924251445428402, "medianFDE": 0.7280248529803566}