{"meanADE": 0.2305715863966813, "meanFDE": 0.5869646118087741, "medianADE": 0.11555106405552443, "medianFDE": 0.271870887401679}