{"meanADE": 0.22491776426499155, "meanFDE": 0.5773280827350303, "medianADE": 0.11133244940371323, "medianFDE": 0.2726679288971785}