{"meanADE": 0.11155787554207713, "meanFDE": 0.18833429954321532, "medianADE": 0.08469139888401045, "medianFDE": 0.11308512731466704}