{"meanADE": 0.10858679011408487, "meanFDE": 0.1855274488925216, "medianADE": 0.0823765017179999, "medianFDE": 0.11654881462554394}