{"meanADE": 0.40974859292947485, "meanFDE": 0.9374570812089719, "medianADE": 0.29178453876524657, "medianFDE": 0.6544444648840584}