{"meanADE": 0.2455897354190215, "meanFDE": 0.5224785276362378, "medianADE": 0.16326069034745078, "medianFDE": 0.3174183852216067}