{"meanADE": 0.2299321698629313, "meanFDE": 0.5026430739332942, "medianADE": 0.16192927586380002, "medianFDE": 0.32863406513221366}