{"meanADE": 0.14965409111803168, "meanFDE": 0.32629519118654127, "medianADE": 0.11925347773955333, "medianFDE": 0.24405612814158778}