{"meanADE": 0.15244973398132675, "meanFDE": 0.332315020197569, "medianADE": 0.11936172548741623, "medianFDE": 0.24797641519281674}