{"meanADE": 0.4983619108920102, "meanFDE": 1.2442107457765046, "medianADE": 0.40659603999347654, "medianFDE": 1.0294195398692958}