{"meanADE": 0.31668459280663497, "meanFDE": 0.7909819269090942, "medianADE": 0.2476659259609203, "medianFDE": 0.61638175917741}