{"meanADE": 0.2904209292790992, "meanFDE": 0.7492283007069273, "medianADE": 0.22995301354425352, "medianFDE": 0.5880519275572023}