{"minADE": 0.17564505254930915, "minFDE": 0.31604572327200436}