{"minADE": 0.3020574897621768, "minFDE": 0.544314037298187}