{"meanADE": 0.16626577894352132, "meanFDE": 0.3180710809379264, "medianADE": 0.136122972597917, "medianFDE": 0.23035545826604054}