{"meanADE": 0.16532759273120565, "meanFDE": 0.31565516073958033, "medianADE": 0.1312286430384949, "medianFDE": 0.22091506169600605}