{"meanADE": 0.456811614857169, "meanFDE": 1.1727635614509104, "medianADE": 0.3800903683554214, "medianFDE": 0.9902169986155458}