{"meanADE": 0.339330071644051, "meanFDE": 0.865261261022804, "medianADE": 0.2814289446453211, "medianFDE": 0.7196588601199071}