{"meanADE": 0.2910162103224922, "meanFDE": 0.7533159403651538, "medianADE": 0.2287297506229261, "medianFDE": 0.5990837313880791}