{"meanADE": 0.15295071378088976, "meanFDE": 0.33423693140572913, "medianADE": 0.12110334937713868, "medianFDE": 0.24437750482393095}