{"meanADE": 0.4899337396820731, "meanFDE": 1.22231184137362, "medianADE": 0.4142109342322807, "medianFDE": 1.0403229658864759}