{"meanADE": 0.30864504299536827, "meanFDE": 0.7786100422015623, "medianADE": 0.24326230659358383, "medianFDE": 0.6100533483522309}