{"meanADE": 0.29565093782088303, "meanFDE": 0.7549962577220418, "medianADE": 0.231264955146175, "medianFDE": 0.5894310329035379}