{"meanADE": 0.12358995777469661, "meanFDE": 0.22368976350095743, "medianADE": 0.09724919629604871, "medianFDE": 0.15200958928409317}