{"meanADE": 0.12188146015770025, "meanFDE": 0.21889566194304616, "medianADE": 0.09702264924828514, "medianFDE": 0.1580063823918956}