{"meanADE": 0.4075263674368582, "meanFDE": 0.9289894476592603, "medianADE": 0.3030876815294625, "medianFDE": 0.6751913564436446}