{"meanADE": 0.28383366939818505, "meanFDE": 0.6087716937797613, "medianADE": 0.18035879484922357, "medianFDE": 0.3634821307802647}