{"meanADE": 0.23067420834520247, "meanFDE": 0.4848671692226145, "medianADE": 0.15795589835545262, "medianFDE": 0.3118945015964104}