{"minADE": 0.6391499094992261, "minFDE": 1.028730699954448}