{"meanADE": 0.11833120987444778, "meanFDE": 0.260613055868348, "medianADE": 0.06979165526252984, "medianFDE": 0.1143624174975933}