{"meanADE": 0.3797110038120605, "meanFDE": 0.9456554125400668, "medianADE": 0.2745830687498684, "medianFDE": 0.6781333700238024}