{"meanADE": 0.23651463978925752, "meanFDE": 0.5997607030014572, "medianADE": 0.12215704132035808, "medianFDE": 0.2854652254392316}