{"meanADE": 0.2270387572710683, "meanFDE": 0.5824965946399341, "medianADE": 0.11192008130885228, "medianFDE": 0.2712858620010752}