{"meanADE": 0.12545720862393034, "meanFDE": 0.2585786994712963, "medianADE": 0.07827989260826913, "medianFDE": 0.10027175443039069}