{"meanADE": 0.12496498545794454, "meanFDE": 0.2566948137940933, "medianADE": 0.07669827434854014, "medianFDE": 0.0986604953719704}