{"meanADE": 0.35463892971796096, "meanFDE": 0.9088397151233373, "medianADE": 0.2565591398600622, "medianFDE": 0.6500435035797193}