{"meanADE": 0.24168077941039265, "meanFDE": 0.615045204937552, "medianADE": 0.1314919002697562, "medianFDE": 0.2929080266510846}