{"meanADE": 0.22344286555497145, "meanFDE": 0.5767890486347784, "medianADE": 0.11345158497786742, "medianFDE": 0.2745221059158395}