{"minADE": 0.24536604189430866, "minFDE": 0.4041414628131082}