{"minADE": 0.6507827154641928, "minFDE": 1.1033930570449408}