{"meanADE": 0.166453498248682, "meanFDE": 0.3185443986349707, "medianADE": 0.1306054034256375, "medianFDE": 0.21645124957061151}