{"meanADE": 0.16603378346703127, "meanFDE": 0.3209368562027795, "medianADE": 0.13216495757488353, "medianFDE": 0.21866177157304084}