{"meanADE": 0.443537686037806, "meanFDE": 1.1371236605880692, "medianADE": 0.3699845478260128, "medianFDE": 0.9619531660430197}