{"meanADE": 0.3424294009758954, "meanFDE": 0.875525083872134, "medianADE": 0.28328987716807086, "medianFDE": 0.7315726234016575}