{"meanADE": 0.29430594255768877, "meanFDE": 0.7619255230341957, "medianADE": 0.22891782408365097, "medianFDE": 0.5997555373421897}