{"minADE": 0.1822903324162956, "minFDE": 0.2704863656386424}