{"meanADE": 0.3969529230449883, "meanFDE": 0.8084417081359293, "medianADE": 0.30081158949281617, "medianFDE": 0.4500916039169386}