{"meanADE": 0.4068914729341797, "meanFDE": 0.832992654543713, "medianADE": 0.3027232277383226, "medianFDE": 0.45183625639064706}