{"meanADE": 0.8776692843702011, "meanFDE": 2.060946669508755, "medianADE": 0.7520655308819698, "medianFDE": 1.7142700090644523}