{"meanADE": 0.7389664268650769, "meanFDE": 1.738978634187647, "medianADE": 0.5866290995459712, "medianFDE": 1.3061355029323034}