{"meanADE": 0.6956549412693279, "meanFDE": 1.6217101450107245, "medianADE": 0.5651930170478148, "medianFDE": 1.229709431171913}