{"meanADE": 0.4162946386439878, "meanFDE": 0.8487844681891343, "medianADE": 0.33563121314876443, "medianFDE": 0.5298583333782134}