{"meanADE": 0.8976881693939435, "meanFDE": 2.096178978637893, "medianADE": 0.7840256790139856, "medianFDE": 1.7903391399139483}