{"meanADE": 0.8071720389396418, "meanFDE": 1.9087863156299134, "medianADE": 0.6989339926523834, "medianFDE": 1.577522326174435}