{"meanADE": 0.7420705229158036, "meanFDE": 1.7694196744985702, "medianADE": 0.6424228373840765, "medianFDE": 1.4300851698629833}