{"minADE": 0.19030719248586767, "minFDE": 0.277459393455872}