{"meanADE": 0.19166296217533432, "meanFDE": 0.4195758031157989, "medianADE": 0.14727499016808623, "medianFDE": 0.28307027891666864}