{"meanADE": 0.5204245861098195, "meanFDE": 1.282850693199108, "medianADE": 0.4390828515573, "medianFDE": 1.091309050942848}