{"meanADE": 0.40196170073088644, "meanFDE": 1.0158998786488638, "medianADE": 0.33090660391597637, "medianFDE": 0.847982859564133}