{"meanADE": 0.3740477610456052, "meanFDE": 0.954540943359391, "medianADE": 0.30523734962400606, "medianFDE": 0.7920878816326112}