{"meanADE": 0.1531224392552584, "meanFDE": 0.3375072525552977, "medianADE": 0.11748560351398504, "medianFDE": 0.23743305053513436}