{"meanADE": 0.15233234037045518, "meanFDE": 0.333636403843775, "medianADE": 0.11801818883459844, "medianFDE": 0.23871108941039032}