{"meanADE": 0.4796811768755368, "meanFDE": 1.198947065817236, "medianADE": 0.4008632625528833, "medianFDE": 1.0105282151373618}