{"meanADE": 0.3064672612470308, "meanFDE": 0.7781855842950878, "medianADE": 0.241755377197267, "medianFDE": 0.6137589556805807}