{"meanADE": 0.2897193412927935, "meanFDE": 0.7452209884252302, "medianADE": 0.22030877571633117, "medianFDE": 0.5761805362739012}