{"meanADE": 0.12227625257615202, "meanFDE": 0.22191511600952077, "medianADE": 0.09603114940305785, "medianFDE": 0.1576091767045077}