{"meanADE": 0.41786278763982454, "meanFDE": 0.9508282815284008, "medianADE": 0.32335754094405655, "medianFDE": 0.7208467899515152}