{"meanADE": 0.2875755666298992, "meanFDE": 0.6100215892106016, "medianADE": 0.19768447090122523, "medianFDE": 0.39749533268006865}