{"meanADE": 0.2340040094509559, "meanFDE": 0.4946259161332861, "medianADE": 0.16658341917826616, "medianFDE": 0.31813038873958904}